Year,NOC,Rank,Gold,Silver,Bronze,Total,Market_Share_Gold,Market_Share_Total,Total_Events,is_host,Host_NOC,years_since_last,crossed_war,years_since_hosted,olympic_experience,first_medal_year,is_post_soviet,years_since_independence,NOC_original,Gold_lag1,Gold_lag2,Gold_lag3,Silver_lag1,Silver_lag2,Silver_lag3,Bronze_lag1,Bronze_lag2,Bronze_lag3,Total_lag1,Total_lag2,Total_lag3,Gold_rolling_mean_3,Gold_rolling_max_3,Gold_rolling_min_3,Gold_rolling_std_3,Gold_rolling_mean_5,Gold_rolling_max_5,Gold_rolling_min_5,Gold_rolling_std_5,Silver_rolling_mean_3,Silver_rolling_max_3,Silver_rolling_min_3,Silver_rolling_std_3,Silver_rolling_mean_5,Silver_rolling_max_5,Silver_rolling_min_5,Silver_rolling_std_5,Bronze_rolling_mean_3,Bronze_rolling_max_3,Bronze_rolling_min_3,Bronze_rolling_std_3,Bronze_rolling_mean_5,Bronze_rolling_max_5,Bronze_rolling_min_5,Bronze_rolling_std_5,Total_rolling_mean_3,Total_rolling_max_3,Total_rolling_min_3,Total_rolling_std_3,Total_rolling_mean_5,Total_rolling_max_5,Total_rolling_min_5,Total_rolling_std_5,Gold_growth_rate,Gold_change,Gold_acceleration,Silver_growth_rate,Silver_change,Silver_acceleration,Bronze_growth_rate,Bronze_change,Bronze_acceleration,Total_growth_rate,Total_change,Total_acceleration,Gold_is_growing,Gold_streak,Silver_is_growing,Silver_streak,Bronze_is_growing,Bronze_streak,Total_is_growing,Total_streak,Gold_host_boost,Silver_host_boost,Bronze_host_boost,Total_host_boost,market_size_interaction,experience_performance,gold_ratio,silver_ratio,bronze_ratio,gold_silver_ratio,avg_gold_year,std_gold_year,max_gold_year,num_countries,gold_vs_avg,gold_percentile,is_first_participation,is_first_medal,is_comeback,Num_Athletes,Num_Athletes_mean
2028,ALB,80,0,0,2,2,0.0,0.0,345,0,FRA,4,0,999,1,2024,0,0,Albania,0.0,0.0,0.0,0.0,0.0,0.0,0.0,0.0,0.0,0.0,0.0,0.0,0.0,0.0,0.0,0.0,0.0,0.0,0.0,0.0,0.0,0.0,0.0,0.0,0.0,0.0,0.0,0.0,2.0,2.0,2.0,0.0,2.0,2.0,2.0,0.0,2.0,2.0,2.0,0.0,2.0,2.0,2.0,0.0,0.0,0.0,0.0,0.0,0.0,0.0,0.0,0.0,0.0,0.0,0.0,0.0,0,0,0,0,0,0,0,0,0.0,0.0,0.0,0.0,0.0,0.0,0.0,0.0,0.6666666666666666,0.0,3.604395604395606,6.990277567019815,40,91,0.0,0.0,1,0,0,8.16,8.16
2028,ALG,39,2,0,1,3,0.0,0.0,345,0,FRA,4,0,999,41,1984,0,0,Algeria,0.0,0.0,0.0,0.0,0.0,2.0,0.0,0.0,0.0,0.0,0.0,2.0,1.0,2.0,0.0,1.0,0.8,2.0,0.0,0.8366600265340756,1.0,2.0,0.0,1.0,0.8,2.0,0.0,0.8366600265340756,0.5,1.0,0.0,0.5,1.0,3.0,0.0,1.224744871391589,2.5,3.0,2.0,0.5,2.6,5.0,1.0,1.51657508881031,0.0,0.0,0.0,0.0,0.0,0.0,0.0,0.0,0.0,0.0,0.0,-0.5,1,1,0,0,1,1,1,2,0.0,0.0,0.0,0.0,0.0179005363711333,40.0,0.0,0.0,0.25,0.0,3.604395604395606,6.990277567019815,40,91,0.0,0.0,0,1,0,46.92,46.92
2028,ARG,52,1,1,1,3,0.0,0.0,345,0,FRA,4,0,999,101,1924,0,0,Argentina,0.0,0.0,3.0,0.0,1.0,1.0,0.0,2.0,0.0,0.0,3.0,4.0,1.3333333333333333,3.0,0.0,1.247219128924647,1.4,3.0,0.0,1.1401754250991378,1.0,1.0,1.0,0.0,0.8,1.0,0.0,0.4472135954999582,1.0,2.0,0.0,0.816496580927726,1.8,4.0,0.0,1.4832396974191329,3.3333333333333335,4.0,3.0,0.4714045207910317,4.0,6.0,3.0,1.2247448713915894,0.0,0.0,0.0,0.0,0.0,0.0,0.0,0.0,0.0,0.0,0.0,0.25,1,1,0,0,0,0,0,0,0.0,0.0,0.0,0.0,0.0089502681855666,133.33333333333331,0.0,0.25,0.25,0.0,3.604395604395606,6.990277567019815,40,91,0.0,0.0,0,1,0,145.86,145.86
2028,ARM,66,0,3,1,4,0.0,0.0,345,0,FRA,4,0,999,29,1996,1,33,Armenia,0.0,0.0,1.0,0.0,2.0,3.0,0.0,2.0,0.0,0.0,4.0,4.0,0.3333333333333333,1.0,0.0,0.4714045207910317,0.2,1.0,0.0,0.447213595499958,2.6666666666666665,3.0,2.0,0.4714045207910317,2.0,3.0,1.0,1.0,1.0,2.0,0.0,0.816496580927726,1.6,4.0,0.0,1.51657508881031,4.0,4.0,4.0,0.0,3.8,5.0,2.0,1.095445115010332,0.0,0.0,0.0,0.0,0.0,0.8333333333333334,0.0,0.0,0.0,0.0,0.0,0.0,0,0,1,1,0,0,0,0,0.0,0.0,0.0,0.0,0.0,9.333333333333332,0.0,0.6,0.2,0.0,3.604395604395606,6.990277567019815,40,91,0.0,0.0,0,0,0,15.3,15.3
2028,AUS,4,18,19,16,53,0.0,0.0,345,0,FRA,4,0,24,129,1896,0,0,Australia,0.0,17.0,8.0,0.0,7.0,11.0,0.0,22.0,10.0,0.0,46.0,29.0,14.333333333333334,18.0,8.0,4.4969125210773475,13.0,18.0,8.0,4.795831523312719,12.333333333333334,19.0,7.0,4.988876515698588,13.4,19.0,7.0,4.56070170039655,16.0,22.0,10.0,4.898979485566356,15.4,22.0,10.0,4.6690470119715,42.666666666666664,53.0,29.0,10.077477638553981,41.8,53.0,29.0,9.628083921528733,0.0,0.0,-1.0661764705882353,0.0,0.0,2.077922077922078,0.0,0.0,-1.4727272727272729,0.0,0.0,-0.4340329835082459,1,2,1,1,0,0,1,2,0.0,0.0,0.0,0.0,0.1611048273401998,1834.6666666666667,0.0,0.3518518518518518,0.2962962962962963,0.0,3.604395604395606,6.990277567019815,40,91,0.0,0.0,0,0,0,483.48,483.48
2028,AUT,36,2,0,3,5,0.0,0.0,345,0,FRA,4,0,999,129,1896,0,0,Austria,0.0,1.0,0.0,0.0,1.0,0.0,0.0,5.0,1.0,0.0,7.0,1.0,1.0,2.0,0.0,0.816496580927726,1.0,2.0,0.0,1.0,0.3333333333333333,1.0,0.0,0.4714045207910317,1.2,4.0,0.0,1.6431676725154984,3.0,5.0,1.0,1.632993161855452,2.4,5.0,1.0,1.6733200530681511,4.333333333333333,7.0,1.0,2.494438257849294,4.6,7.0,1.0,2.60768096208106,0.0,0.0,0.0,0.0,0.0,0.0,0.0,0.0,-4.4,0.0,0.0,-6.285714285714286,1,2,0,0,0,0,0,0,0.0,0.0,0.0,0.0,0.0179005363711333,128.0,0.0,0.0,0.5,0.0,3.604395604395606,6.990277567019815,40,91,0.0,0.0,0,0,0,85.68,85.68
2028,AZE,30,2,2,3,7,0.0,0.0,345,0,FRA,4,0,999,29,1996,1,33,Azerbaijan,0.0,0.0,1.0,0.0,3.0,7.0,0.0,4.0,10.0,0.0,7.0,18.0,1.0,2.0,0.0,0.816496580927726,1.2,2.0,0.0,0.8366600265340756,4.0,7.0,2.0,2.160246899469287,3.0,7.0,1.0,2.345207879911715,5.666666666666667,10.0,3.0,3.0912061651652345,5.2,10.0,3.0,2.7748873851023217,10.666666666666666,18.0,7.0,5.185449728701348,9.4,18.0,6.0,4.929503017546495,0.0,0.0,0.0,0.0,0.0,0.238095238095238,0.0,0.0,0.35,0.0,0.0,0.6111111111111112,1,1,0,0,0,0,0,0,0.0,0.0,0.0,0.0,0.0179005363711333,28.0,0.0,0.25,0.375,0.0,3.604395604395606,6.990277567019815,40,91,0.0,0.0,0,1,0,48.96,48.96
2028,BEL,25,3,1,6,10,0.0,0.0,345,0,FRA,4,0,104,125,1900,0,0,Belgium,0.0,3.0,2.0,0.0,1.0,2.0,0.0,3.0,2.0,0.0,7.0,6.0,2.6666666666666665,3.0,2.0,0.4714045207910317,2.0,3.0,0.0,1.224744871391589,1.3333333333333333,2.0,1.0,0.4714045207910317,1.0,2.0,0.0,0.7071067811865477,3.6666666666666665,6.0,2.0,1.699673171197595,2.6,6.0,0.0,2.1908902300206643,7.666666666666667,10.0,6.0,1.699673171197595,5.6,10.0,2.0,3.2093613071762386,0.0,0.0,-0.5,0.0,0.0,0.5,0.0,0.0,0.5,0.0,0.0,0.2619047619047618,0,0,0,0,1,2,1,4,0.0,0.0,0.0,0.0,0.0268508045566999,330.66666666666663,0.0,0.0909090909090909,0.5454545454545454,0.0,3.604395604395606,6.990277567019815,40,91,0.0,0.0,0,0,0,180.54,180.54
2028,BOT,55,1,1,0,2,0.0,0.0,345,0,FRA,4,0,999,13,2012,0,0,Botswana,0.0,0.0,0.0,0.0,0.0,0.0,0.0,1.0,0.0,0.0,1.0,0.0,0.5,1.0,0.0,0.5,0.3333333333333333,1.0,0.0,0.5773502691896258,0.5,1.0,0.0,0.5,0.6666666666666666,1.0,0.0,0.5773502691896258,0.5,1.0,0.0,0.5,0.3333333333333333,1.0,0.0,0.5773502691896258,1.5,2.0,1.0,0.5,1.3333333333333333,2.0,1.0,0.5773502691896258,0.0,0.0,0.0,0.0,0.0,0.0,0.0,0.0,0.0,0.0,0.0,1.0,1,1,1,1,0,0,1,1,0.0,0.0,0.0,0.0,0.0089502681855666,4.0,0.0,0.3333333333333333,0.0,0.0,3.604395604395606,6.990277567019815,40,91,0.0,0.0,0,1,0,14.280000000000001,14.280000000000001
2028,BRA,20,3,7,10,20,0.0,0.0,345,0,FRA,4,0,8,105,1920,0,0,Brazil,0.0,7.0,7.0,0.0,6.0,6.0,0.0,8.0,6.0,0.0,21.0,19.0,5.666666666666667,7.0,3.0,1.8856180831641267,4.6,7.0,3.0,2.1908902300206643,6.333333333333333,7.0,6.0,0.4714045207910317,5.6,7.0,4.0,1.1401754250991387,8.0,10.0,6.0,1.632993161855452,8.6,10.0,6.0,1.6733200530681511,20.0,21.0,19.0,0.816496580927726,18.8,21.0,17.0,1.7888543819998302,0.0,0.0,-0.5714285714285714,0.0,0.0,0.1666666666666667,0.0,0.0,-0.0833333333333332,0.0,0.0,-0.1528822055137846,0,0,1,1,1,2,0,0,0.0,0.0,0.0,0.0,0.0268508045566999,589.3333333333334,0.0,0.3333333333333333,0.4761904761904761,0.0,3.604395604395606,6.990277567019815,40,91,0.0,0.0,0,0,0,294.78000000000003,294.78000000000003
2028,BRN,33,2,1,1,4,0.0,0.0,345,0,FRA,4,0,999,13,2012,0,0,Bahrain,0.0,0.0,1.0,0.0,1.0,1.0,0.0,0.0,0.0,0.0,1.0,2.0,1.0,2.0,0.0,0.816496580927726,1.0,2.0,0.0,0.816496580927726,1.0,1.0,1.0,0.0,0.75,1.0,0.0,0.5,0.3333333333333333,1.0,0.0,0.4714045207910317,0.25,1.0,0.0,0.5,2.3333333333333335,4.0,1.0,1.247219128924647,2.0,4.0,1.0,1.4142135623730951,0.0,0.0,0.0,0.0,0.0,0.0,0.0,0.0,0.0,0.0,0.0,3.5,1,1,0,0,1,1,1,1,0.0,0.0,0.0,0.0,0.0179005363711333,12.0,0.0,0.2,0.2,0.0,3.604395604395606,6.990277567019815,40,91,0.0,0.0,0,1,0,14.280000000000001,14.280000000000001
2028,BUL,26,3,1,3,7,0.0,0.0,345,0,FRA,4,0,999,73,1952,0,0,Bulgaria,0.0,3.0,0.0,0.0,1.0,1.0,0.0,2.0,2.0,0.0,6.0,3.0,2.0,3.0,0.0,1.4142135623730951,1.4,3.0,0.0,1.51657508881031,1.0,1.0,1.0,0.0,1.2,2.0,1.0,0.4472135954999589,2.3333333333333335,3.0,2.0,0.4714045207910317,2.2,3.0,1.0,0.8366600265340745,5.333333333333333,7.0,3.0,1.699673171197595,4.8,7.0,3.0,1.7888543819998144,0.0,0.0,0.0,0.0,0.0,0.0,0.0,0.0,0.5,0.0,0.0,-0.8333333333333333,0,0,0,0,1,1,1,2,0.0,0.0,0.0,0.0,0.0268508045566999,144.0,0.0,0.125,0.375,0.0,3.604395604395606,6.990277567019815,40,91,0.0,0.0,0,0,0,46.92,46.92
2028,CAN,12,9,7,11,27,0.0,0.0,345,0,FRA,4,0,48,125,1900,0,0,Canada,0.0,7.0,4.0,0.0,7.0,3.0,0.0,10.0,15.0,0.0,24.0,22.0,6.666666666666667,9.0,4.0,2.0548046676563256,5.0,9.0,2.0,2.9154759474226504,5.666666666666667,7.0,3.0,1.8856180831641267,6.4,9.0,3.0,2.190890230020663,12.0,15.0,10.0,2.160246899469287,10.8,15.0,8.0,2.5884358211089555,24.333333333333332,27.0,22.0,2.0548046676563256,22.2,27.0,18.0,3.492849839314609,0.0,0.0,-0.4642857142857142,0.0,0.0,-1.3333333333333337,0.0,0.0,0.4333333333333334,0.0,0.0,0.0340909090909091,1,3,0,0,1,1,1,3,0.0,0.0,0.0,0.0,0.0805524136700999,826.6666666666667,0.0,0.25,0.3928571428571428,0.0,3.604395604395606,6.990277567019815,40,91,0.0,0.0,0,0,0,338.64,338.64
2028,CHI,55,1,1,0,2,0.0,0.0,345,0,FRA,4,0,999,97,1928,0,0,Chile,0.0,0.0,0.0,0.0,0.0,0.0,0.0,0.0,0.0,0.0,0.0,0.0,1.0,1.0,1.0,1.0,0.6,2.0,0.0,0.8944271909999159,1.0,1.0,1.0,0.5773502691896258,0.6,1.0,0.0,0.5477225575051661,0.0,0.0,0.0,0.5773502691896258,0.4,1.0,0.0,0.5477225575051663,2.0,2.0,2.0,1.0,1.6,3.0,1.0,0.8944271909999159,0.0,0.0,0.0,0.0,0.0,0.0,0.0,0.0,0.0,0.0,0.0,1.6666666666666667,1,1,0,0,0,0,1,1,0.0,0.0,0.0,0.0,0.0089502681855666,96.0,0.0,0.3333333333333333,0.0,0.0,3.604395604395606,6.990277567019815,40,91,0.0,0.0,0,1,1,48.96,48.96
2028,CHN,2,40,27,24,91,0.0,0.0,345,0,FRA,4,0,16,41,1984,0,0,China,0.0,38.0,26.0,0.0,32.0,18.0,0.0,19.0,26.0,0.0,89.0,70.0,34.666666666666664,40.0,26.0,6.182412330330469,38.2,48.0,26.0,7.886697661252142,25.666666666666668,32.0,18.0,5.792715732327588,26.0,32.0,18.0,5.958187643906492,23.0,26.0,19.0,2.943920288775949,24.2,30.0,19.0,4.1472882706655465,83.33333333333333,91.0,70.0,9.46337971105226,88.4,100.0,70.0,11.104053313993058,0.0,0.0,-0.4089068825910931,0.0,0.0,-0.9340277777777776,0.0,0.0,0.5323886639676113,0.0,0.0,-0.2489566613162117,1,2,0,0,1,1,1,2,0.0,0.0,0.0,0.0,0.3580107274226664,1386.6666666666663,0.0,0.2934782608695652,0.2608695652173913,0.0,3.604395604395606,6.990277567019815,40,91,0.0,0.0,0,0,0,403.92,403.92
2028,COL,66,0,3,1,4,0.0,0.0,345,0,FRA,4,0,999,53,1972,0,0,Colombia,0.0,0.0,3.0,0.0,4.0,2.0,0.0,1.0,3.0,0.0,5.0,8.0,1.0,3.0,0.0,1.4142135623730951,0.8,3.0,0.0,1.3038404810405295,3.0,4.0,2.0,0.816496580927726,2.8,4.0,2.0,0.8366600265340756,1.6666666666666667,3.0,1.0,0.9428090415820634,2.2,5.0,1.0,1.7888543819998317,5.666666666666667,8.0,4.0,1.699673171197595,5.8,9.0,3.0,2.588435821108957,0.0,0.0,0.0,0.0,0.0,-1.25,0.0,0.0,0.6666666666666667,0.0,0.0,0.175,0,0,0,0,0,0,0,0,0.0,0.0,0.0,0.0,0.0,52.0,0.0,0.6,0.2,0.0,3.604395604395606,6.990277567019815,40,91,0.0,0.0,0,0,0,89.76,89.76
2028,CRO,30,2,2,3,7,0.0,0.0,345,0,FRA,4,0,999,33,1992,0,0,Croatia,0.0,3.0,5.0,0.0,3.0,3.0,0.0,2.0,2.0,0.0,8.0,10.0,3.3333333333333335,5.0,2.0,1.247219128924647,2.6,5.0,0.0,1.816590212458495,2.6666666666666665,3.0,2.0,0.4714045207910317,2.2,3.0,1.0,0.8366600265340753,2.3333333333333335,3.0,2.0,0.4714045207910317,2.4,3.0,2.0,0.547722557505166,8.333333333333334,10.0,7.0,1.247219128924647,7.2,10.0,5.0,1.9235384061671348,0.0,0.0,0.0666666666666666,0.0,0.0,-0.3333333333333333,0.0,0.0,0.5,0.0,0.0,0.0749999999999999,0,0,0,0,1,1,0,0,0.0,0.0,0.0,0.0,0.0179005363711333,106.66666666666669,0.0,0.25,0.375,0.0,3.604395604395606,6.990277567019815,40,91,0.0,0.0,0,0,0,74.46000000000001,74.46000000000001
2028,CUB,32,2,1,6,9,0.0,0.0,345,0,FRA,4,0,999,125,1900,0,0,Cuba,0.0,7.0,5.0,0.0,3.0,2.0,0.0,5.0,4.0,0.0,15.0,11.0,4.666666666666667,7.0,2.0,2.0548046676563256,4.4,7.0,2.0,1.949358868961792,2.0,3.0,1.0,0.816496580927726,3.8,10.0,1.0,3.563705936241092,5.0,6.0,4.0,0.816496580927726,7.8,17.0,4.0,5.263078946776307,11.666666666666666,15.0,9.0,2.494438257849294,16.0,30.0,9.0,8.24621125123532,0.0,0.0,-1.1142857142857143,0.0,0.0,-1.1666666666666667,0.0,0.0,-0.05,0.0,0.0,-0.7636363636363636,0,0,0,0,1,2,0,0,0.0,0.0,0.0,0.0,0.0179005363711333,578.6666666666667,0.0,0.1,0.6,0.0,3.604395604395606,6.990277567019815,40,91,0.0,0.0,0,0,0,62.22,62.22
2028,CYP,74,0,1,0,1,0.0,0.0,345,0,FRA,4,0,999,13,2012,0,0,Cyprus,0.0,0.0,0.0,0.0,0.0,0.0,0.0,0.0,0.0,0.0,0.0,0.0,0.0,0.0,0.0,0.0,0.0,0.0,0.0,0.0,1.0,1.0,1.0,0.0,1.0,1.0,1.0,0.0,0.0,0.0,0.0,0.0,0.0,0.0,0.0,0.0,1.0,1.0,1.0,0.0,1.0,1.0,1.0,0.0,0.0,0.0,0.0,0.0,0.0,0.0,0.0,0.0,0.0,0.0,0.0,0.0,0,0,0,0,0,0,0,0,0.0,0.0,0.0,0.0,0.0,0.0,0.0,0.5,0.0,0.0,3.604395604395606,6.990277567019815,40,91,0.0,0.0,0,0,1,15.3,15.3
2028,CZE,28,3,0,2,5,0.0,0.0,345,0,FRA,4,0,999,125,1900,0,0,Czech Republic,0.0,4.0,1.0,0.0,4.0,2.0,0.0,3.0,7.0,0.0,11.0,10.0,2.6666666666666665,4.0,1.0,1.247219128924647,3.0,4.0,1.0,1.224744871391589,2.0,4.0,0.0,1.632993161855452,2.6,4.0,0.0,1.6733200530681511,4.0,7.0,2.0,2.160246899469287,3.2,7.0,1.0,2.280350850198276,8.666666666666666,11.0,5.0,2.6246692913372702,8.8,11.0,5.0,2.683281572999748,0.0,0.0,-3.25,0.0,0.0,-2.0,0.0,0.0,0.238095238095238,0.0,0.0,-0.6454545454545455,0,0,0,0,0,0,0,0,0.0,0.0,0.0,0.0,0.0268508045566999,330.66666666666663,0.0,0.0,0.3333333333333333,0.0,3.604395604395606,6.990277567019815,40,91,0.0,0.0,0,0,0,113.22,113.22
2028,Cabo Verde,84,0,0,1,1,0.0,0.0,345,0,FRA,4,0,999,1,2024,0,0,Cabo Verde,0.0,0.0,0.0,0.0,0.0,0.0,0.0,0.0,0.0,0.0,0.0,0.0,0.0,0.0,0.0,0.0,0.0,0.0,0.0,0.0,0.0,0.0,0.0,0.0,0.0,0.0,0.0,0.0,1.0,1.0,1.0,0.0,1.0,1.0,1.0,0.0,1.0,1.0,1.0,0.0,1.0,1.0,1.0,0.0,0.0,0.0,0.0,0.0,0.0,0.0,0.0,0.0,0.0,0.0,0.0,0.0,0,0,0,0,0,0,0,0,0.0,0.0,0.0,0.0,0.0,0.0,0.0,0.0,0.5,0.0,3.604395604395606,6.990277567019815,40,91,0.0,0.0,1,0,0,0.0,0.0
2028,DEN,29,2,2,5,9,0.0,0.0,345,0,FRA,4,0,999,129,1896,0,0,Denmark,0.0,3.0,2.0,0.0,4.0,6.0,0.0,4.0,7.0,0.0,11.0,15.0,2.3333333333333335,3.0,2.0,0.4714045207910317,2.2,3.0,2.0,0.4472135954999574,4.0,6.0,2.0,1.632993161855452,3.6,6.0,2.0,1.67332005306815,5.333333333333333,7.0,4.0,1.247219128924647,4.4,7.0,3.0,1.6733200530681518,11.666666666666666,15.0,9.0,2.494438257849294,10.2,15.0,7.0,3.0331501776206227,0.0,0.0,-0.8333333333333334,0.0,0.0,-0.1666666666666666,0.0,0.0,0.6785714285714286,0.0,0.0,0.0848484848484849,0,0,0,0,1,1,0,0,0.0,0.0,0.0,0.0,0.0179005363711333,298.6666666666667,0.0,0.2,0.5,0.0,3.604395604395606,6.990277567019815,40,91,0.0,0.0,0,0,0,130.56,130.56
2028,DMA,62,1,0,0,1,0.0,0.0,345,0,FRA,4,0,999,1,2024,0,0,Dominica,0.0,0.0,0.0,0.0,0.0,0.0,0.0,0.0,0.0,0.0,0.0,0.0,1.0,1.0,1.0,0.0,1.0,1.0,1.0,0.0,0.0,0.0,0.0,0.0,0.0,0.0,0.0,0.0,0.0,0.0,0.0,0.0,0.0,0.0,0.0,0.0,1.0,1.0,1.0,0.0,1.0,1.0,1.0,0.0,0.0,0.0,0.0,0.0,0.0,0.0,0.0,0.0,0.0,0.0,0.0,0.0,0,0,0,0,0,0,0,0,0.0,0.0,0.0,0.0,0.0089502681855666,0.0,0.0,0.0,0.0,0.0,3.604395604395606,6.990277567019815,40,91,0.0,0.0,1,1,0,4.08,4.08
2028,DOM,59,1,0,2,3,0.0,0.0,345,0,FRA,4,0,999,41,1984,0,0,Dominican Republic,0.0,0.0,0.0,0.0,3.0,0.0,0.0,2.0,1.0,0.0,5.0,1.0,0.3333333333333333,1.0,0.0,0.4714045207910317,0.6,1.0,0.0,0.5477225575051662,1.0,3.0,0.0,1.4142135623730951,1.0,3.0,0.0,1.224744871391589,1.6666666666666667,2.0,1.0,0.4714045207910317,1.0,2.0,0.0,1.0,3.0,5.0,1.0,1.632993161855452,2.6,5.0,1.0,1.51657508881031,0.0,0.0,0.0,0.0,0.0,0.0,0.0,0.0,-1.0,0.0,0.0,-4.4,1,1,0,0,0,0,0,0,0.0,0.0,0.0,0.0,0.0089502681855666,13.333333333333332,0.0,0.0,0.5,0.0,3.604395604395606,6.990277567019815,40,91,0.0,0.0,0,1,0,60.18,60.18
2028,ECU,49,1,2,2,5,0.0,0.0,345,0,FRA,4,0,999,29,1996,0,0,Ecuador,0.0,2.0,0.0,0.0,1.0,0.0,0.0,0.0,0.0,0.0,3.0,0.0,1.5,2.0,1.0,0.5,1.0,2.0,0.0,0.816496580927726,1.5,2.0,1.0,0.5,1.0,2.0,0.0,0.816496580927726,1.0,2.0,0.0,1.0,0.5,2.0,0.0,1.0,4.0,5.0,3.0,1.0,2.5,5.0,1.0,1.914854215512676,0.0,0.0,0.0,0.0,0.0,1.0,0.0,0.0,0.0,0.0,0.0,-1.3333333333333333,0,0,1,1,1,1,1,2,0.0,0.0,0.0,0.0,0.0089502681855666,28.0,0.0,0.3333333333333333,0.3333333333333333,0.0,3.604395604395606,6.990277567019815,40,91,0.0,0.0,0,0,0,40.8,40.8
2028,EGY,52,1,1,1,3,0.0,0.0,345,0,FRA,4,0,999,97,1928,0,0,Egypt,0.0,1.0,0.0,0.0,1.0,0.0,0.0,4.0,3.0,0.0,6.0,3.0,0.6666666666666666,1.0,0.0,0.4714045207910317,0.4,1.0,0.0,0.5477225575051662,0.6666666666666666,1.0,0.0,0.4714045207910317,1.0,3.0,0.0,1.224744871391589,2.6666666666666665,4.0,1.0,1.247219128924647,2.2,4.0,1.0,1.3038404810405295,4.0,6.0,3.0,1.4142135623730951,3.6,6.0,2.0,1.51657508881031,0.0,0.0,0.0,0.0,0.0,0.0,0.0,0.0,-1.0833333333333333,0.0,0.0,-1.5,0,0,0,0,0,0,0,0,0.0,0.0,0.0,0.0,0.0089502681855666,64.0,0.0,0.25,0.25,0.0,3.604395604395606,6.990277567019815,40,91,0.0,0.0,0,0,0,158.1,158.1
2028,EOR,84,0,0,1,1,0.0,0.0,345,0,FRA,4,0,999,1,2024,0,0,Refugee Olympic Team,0.0,0.0,0.0,0.0,0.0,0.0,0.0,0.0,0.0,0.0,0.0,0.0,0.0,0.0,0.0,0.0,0.0,0.0,0.0,0.0,0.0,0.0,0.0,0.0,0.0,0.0,0.0,0.0,1.0,1.0,1.0,0.0,1.0,1.0,1.0,0.0,1.0,1.0,1.0,0.0,1.0,1.0,1.0,0.0,0.0,0.0,0.0,0.0,0.0,0.0,0.0,0.0,0.0,0.0,0.0,0.0,0,0,0,0,0,0,0,0,0.0,0.0,0.0,0.0,0.0,0.0,0.0,0.0,0.5,0.0,3.604395604395606,6.990277567019815,40,91,0.0,0.0,1,0,0,37.74,37.74
2028,ESP,15,5,4,9,18,0.0,0.0,345,0,FRA,4,0,32,125,1900,0,0,Spain,0.0,3.0,7.0,0.0,8.0,4.0,0.0,6.0,6.0,0.0,17.0,17.0,5.0,7.0,3.0,1.632993161855452,4.8,7.0,3.0,1.4832396974191338,5.333333333333333,8.0,4.0,1.8856180831641267,7.4,11.0,4.0,3.2863353450309973,7.0,9.0,6.0,1.4142135623730951,6.0,9.0,3.0,2.1213203435596424,17.333333333333332,18.0,17.0,0.4714045207910317,18.2,20.0,17.0,1.3038404810405262,0.0,0.0,1.238095238095238,0.0,0.0,-1.5,0.0,0.0,0.5,0.0,0.0,0.0588235294117647,1,1,0,0,1,1,1,1,0.0,0.0,0.0,0.0,0.0447513409278333,620.0,0.0,0.2105263157894736,0.4736842105263157,0.0,3.604395604395606,6.990277567019815,40,91,0.0,0.0,0,0,0,408.0,408.0
2028,ETH,47,1,3,0,4,0.0,0.0,345,0,FRA,4,0,999,65,1960,0,0,Ethiopia,0.0,1.0,1.0,0.0,1.0,2.0,0.0,2.0,5.0,0.0,4.0,8.0,1.0,1.0,1.0,0.0,2.0,4.0,1.0,1.4142135623730951,2.0,3.0,1.0,0.816496580927726,2.0,3.0,1.0,0.7071067811865477,2.3333333333333335,5.0,0.0,2.0548046676563256,2.2,5.0,0.0,1.9235384061671343,5.333333333333333,8.0,4.0,1.8856180831641267,6.2,8.0,4.0,2.0493901531919194,0.0,0.0,0.0,0.0,0.0,2.5,0.0,0.0,-0.4,0.0,0.0,0.5,0,0,1,1,0,0,0,0,0.0,0.0,0.0,0.0,0.0089502681855666,64.0,0.0,0.6,0.0,0.0,3.604395604395606,6.990277567019815,40,91,0.0,0.0,0,0,0,33.660000000000004,33.660000000000004
2028,FIJ,74,0,1,0,1,0.0,0.0,345,0,FRA,4,0,999,9,2016,0,0,Fiji,0.0,1.0,1.0,0.0,0.0,0.0,0.0,1.0,0.0,0.0,2.0,1.0,0.6666666666666666,1.0,0.0,0.4714045207910317,0.6666666666666666,1.0,0.0,0.5773502691896258,0.3333333333333333,1.0,0.0,0.4714045207910317,0.3333333333333333,1.0,0.0,0.5773502691896258,0.3333333333333333,1.0,0.0,0.4714045207910317,0.3333333333333333,1.0,0.0,0.5773502691896258,1.3333333333333333,2.0,1.0,0.4714045207910317,1.3333333333333333,2.0,1.0,0.5773502691896257,0.0,0.0,-1.0,0.0,0.0,0.0,0.0,0.0,0.0,0.0,0.0,-1.5,0,0,1,1,0,0,0,0,0.0,0.0,0.0,0.0,0.0,5.333333333333333,0.0,0.5,0.0,0.0,3.604395604395606,6.990277567019815,40,91,0.0,0.0,0,0,0,36.72,36.72
2028,FRA,5,16,26,22,64,0.0,0.0,345,0,FRA,4,0,0,129,1896,0,0,France,0.0,10.0,10.0,0.0,12.0,18.0,0.0,11.0,14.0,0.0,33.0,42.0,12.0,16.0,10.0,2.8284271247461903,10.8,16.0,7.0,3.2710854467592267,18.666666666666668,26.0,12.0,5.734883511361751,16.6,26.0,11.0,5.983310120660641,15.666666666666666,22.0,11.0,4.642796092394707,16.0,22.0,11.0,4.743416490252569,46.333333333333336,64.0,33.0,13.021349989749739,43.4,64.0,33.0,12.300406497347945,0.0,0.0,0.6000000000000001,0.0,0.0,1.5,0.0,0.0,1.2142857142857144,0.0,0.0,1.153679653679654,1,1,1,1,1,1,1,1,0.0,0.0,0.0,0.0,0.1432042909690665,1536.0,0.0,0.4,0.3384615384615385,0.0,3.604395604395606,6.990277567019815,40,91,0.0,0.0,0,0,0,613.02,613.02
2028,GBR,7,14,22,29,65,0.0,0.0,345,0,FRA,4,0,12,129,1896,0,0,Great Britain,0.0,22.0,27.0,0.0,20.0,23.0,0.0,22.0,17.0,0.0,64.0,67.0,21.0,27.0,14.0,5.354126134736337,22.2,29.0,14.0,6.058052492344397,21.666666666666668,23.0,20.0,1.247219128924647,19.2,23.0,13.0,3.962322551231796,22.666666666666668,29.0,17.0,4.9216076867444665,21.0,29.0,17.0,4.847679857416336,65.33333333333333,67.0,64.0,1.247219128924647,62.4,67.0,51.0,6.46529195009785,0.0,0.0,-0.1784511784511784,0.0,0.0,0.2304347826086957,0.0,0.0,0.0240641711229945,0.0,0.0,0.060401119402985,0,0,1,1,1,2,1,1,0.0,0.0,0.0,0.0,0.1253037545979332,2688.0,0.0,0.3333333333333333,0.4393939393939394,0.0,3.604395604395606,6.990277567019815,40,91,0.0,0.0,0,0,0,349.86,349.86
2028,GEO,24,3,3,1,7,0.0,0.0,345,0,FRA,4,0,999,29,1996,1,33,Georgia,0.0,2.0,2.0,0.0,5.0,1.0,0.0,1.0,4.0,0.0,8.0,7.0,2.3333333333333335,3.0,2.0,0.4714045207910317,2.2,3.0,1.0,0.8366600265340757,3.0,5.0,1.0,1.632993161855452,2.6,5.0,1.0,1.5165750888103102,2.0,4.0,1.0,1.4142135623730951,2.2,4.0,1.0,1.3038404810405295,7.333333333333333,8.0,7.0,0.4714045207910317,7.0,8.0,6.0,0.7071067811865472,0.0,0.0,0.5,0.0,0.0,-4.4,0.0,0.0,0.75,0.0,0.0,-0.2678571428571428,1,1,0,0,0,0,0,0,0.0,0.0,0.0,0.0,0.0268508045566999,65.33333333333334,0.0,0.375,0.125,0.0,3.604395604395606,6.990277567019815,40,91,0.0,0.0,0,0,0,28.560000000000002,28.560000000000002
2028,GER,10,12,13,8,33,0.0,0.0,345,0,FRA,4,0,52,129,1896,0,0,Germany,0.0,10.0,17.0,0.0,11.0,10.0,0.0,16.0,15.0,0.0,37.0,42.0,13.0,17.0,10.0,2.943920288775949,13.2,17.0,10.0,3.1144823004794877,11.333333333333334,13.0,10.0,1.247219128924647,13.0,20.0,10.0,4.062019202317986,13.0,16.0,8.0,3.559026084010437,13.2,16.0,8.0,3.11448230047949,37.333333333333336,42.0,33.0,3.6817870057290873,39.4,44.0,33.0,4.3931765272977366,0.0,0.0,0.6117647058823529,0.0,0.0,0.0818181818181817,0.0,0.0,-0.5666666666666667,0.0,0.0,0.0109395109395109,1,1,1,2,0,0,0,0,0.0,0.0,0.0,0.0,0.1074032182267999,1664.0,0.0,0.3823529411764705,0.2352941176470588,0.0,3.604395604395606,6.990277567019815,40,91,0.0,0.0,0,0,0,466.14,466.14
2028,GRE,51,1,1,6,8,0.0,0.0,345,0,FRA,4,0,20,129,1896,0,0,Greece,0.0,2.0,3.0,0.0,1.0,1.0,0.0,1.0,2.0,0.0,4.0,6.0,2.0,3.0,1.0,0.816496580927726,1.2,3.0,0.0,1.3038404810405293,1.0,1.0,1.0,0.0,1.0,2.0,0.0,0.7071067811865469,3.0,6.0,1.0,2.160246899469287,2.4,6.0,1.0,2.073644135332772,6.0,8.0,4.0,1.632993161855452,4.6,8.0,2.0,2.4083189157584592,0.0,0.0,-0.1666666666666666,0.0,0.0,0.0,0.0,0.0,5.5,0.0,0.0,1.3333333333333337,0,0,0,0,1,1,1,1,0.0,0.0,0.0,0.0,0.0089502681855666,256.0,0.0,0.1111111111111111,0.6666666666666666,0.0,3.604395604395606,6.990277567019815,40,91,0.0,0.0,0,0,0,102.0,102.0
2028,GRN,80,0,0,2,2,0.0,0.0,345,0,FRA,4,0,999,13,2012,0,0,Grenada,0.0,0.0,0.0,0.0,0.0,1.0,0.0,1.0,0.0,0.0,1.0,1.0,0.0,0.0,0.0,0.0,0.25,1.0,0.0,0.5,0.3333333333333333,1.0,0.0,0.4714045207910317,0.25,1.0,0.0,0.5,1.0,2.0,0.0,0.816496580927726,0.75,2.0,0.0,0.957427107756338,1.3333333333333333,2.0,1.0,0.4714045207910317,1.25,2.0,1.0,0.5,0.0,0.0,0.0,0.0,0.0,0.0,0.0,0.0,0.0,0.0,0.0,1.0,0,0,0,0,1,2,1,1,0.0,0.0,0.0,0.0,0.0,0.0,0.0,0.0,0.6666666666666666,0.0,3.604395604395606,6.990277567019815,40,91,0.0,0.0,0,0,0,6.12,6.12
2028,GUA,60,1,0,1,2,0.0,0.0,345,0,FRA,4,0,999,13,2012,0,0,Guatemala,0.0,0.0,0.0,0.0,0.0,0.0,0.0,0.0,0.0,0.0,0.0,0.0,1.0,1.0,1.0,0.7071067811865476,0.5,1.0,0.0,0.7071067811865476,0.0,0.0,0.0,0.7071067811865476,0.5,1.0,0.0,0.7071067811865476,1.0,1.0,1.0,0.7071067811865476,0.5,1.0,0.0,0.7071067811865476,2.0,2.0,2.0,0.7071067811865476,1.5,2.0,1.0,0.7071067811865476,0.0,0.0,0.0,0.0,0.0,0.0,0.0,0.0,0.0,0.0,0.0,0.0,1,1,0,0,1,1,1,1,0.0,0.0,0.0,0.0,0.0089502681855666,6.0,0.0,0.0,0.3333333333333333,0.0,3.604395604395606,6.990277567019815,40,91,0.0,0.0,0,1,1,16.32,16.32
2028,HKG,37,2,0,2,4,0.0,0.0,345,0,FRA,4,0,999,29,1996,0,0,Hong Kong,0.0,1.0,0.0,0.0,2.0,0.0,0.0,3.0,0.0,0.0,6.0,0.0,1.5,2.0,1.0,0.5,0.8,2.0,0.0,0.8366600265340756,1.0,2.0,0.0,1.0,0.6,2.0,0.0,0.8944271909999159,2.5,3.0,2.0,0.5,1.2,3.0,0.0,1.3038404810405295,5.0,6.0,4.0,1.0,2.6,6.0,1.0,2.3021728866442674,0.0,0.0,0.0,0.0,0.0,0.0,0.0,0.0,-2.333333333333333,0.0,0.0,-5.333333333333333,1,2,0,0,0,0,0,0,0.0,0.0,0.0,0.0,0.0179005363711333,28.0,0.0,0.0,0.4,0.0,3.604395604395606,6.990277567019815,40,91,0.0,0.0,0,0,0,34.68,34.68
2028,HUN,14,6,7,6,19,0.0,0.0,345,0,FRA,4,0,999,129,1896,0,0,Hungary,0.0,6.0,8.0,0.0,7.0,3.0,0.0,7.0,4.0,0.0,20.0,15.0,6.666666666666667,8.0,6.0,0.9428090415820634,6.2,8.0,3.0,2.04939015319192,5.666666666666667,7.0,3.0,1.8856180831641267,5.2,7.0,3.0,1.7888543819998317,5.666666666666667,7.0,4.0,1.247219128924647,5.0,7.0,2.0,1.9999999999999971,18.0,20.0,15.0,2.160246899469287,16.4,20.0,10.0,4.03732584763727,0.0,0.0,0.25,0.0,0.0,-1.3333333333333337,0.0,0.0,-0.8928571428571429,0.0,0.0,-0.3833333333333333,0,0,0,0,0,0,0,0,0.0,0.0,0.0,0.0,0.0537016091133999,853.3333333333334,0.0,0.35,0.3,0.0,3.604395604395606,6.990277567019815,40,91,0.0,0.0,0,0,0,180.54,180.54
2028,INA,39,2,0,1,3,0.0,0.0,345,0,FRA,4,0,999,37,1988,0,0,Indonesia,0.0,1.0,1.0,0.0,1.0,2.0,0.0,3.0,0.0,0.0,5.0,3.0,1.3333333333333333,2.0,1.0,0.4714045207910317,1.0,2.0,0.0,0.7071067811865476,1.0,2.0,0.0,0.816496580927726,1.2,2.0,0.0,0.8366600265340756,1.3333333333333333,3.0,0.0,1.247219128924647,1.8,4.0,0.0,1.6431676725154984,3.6666666666666665,5.0,3.0,0.9428090415820634,4.0,6.0,3.0,1.4142135623730951,0.0,0.0,1.0,0.0,0.0,-0.5,0.0,0.0,0.0,0.0,0.0,-1.0666666666666669,1,1,0,0,0,0,0,0,0.0,0.0,0.0,0.0,0.0179005363711333,48.0,0.0,0.0,0.25,0.0,3.604395604395606,6.990277567019815,40,91,0.0,0.0,0,0,0,29.580000000000002,29.580000000000002
2028,IND,71,0,1,5,6,0.0,0.0,345,0,FRA,4,0,999,125,1900,0,0,India,0.0,1.0,0.0,0.0,2.0,1.0,0.0,4.0,1.0,0.0,7.0,2.0,0.3333333333333333,1.0,0.0,0.4714045207910317,0.4,1.0,0.0,0.5477225575051661,1.3333333333333333,2.0,1.0,0.4714045207910317,1.2,2.0,0.0,0.8366600265340756,3.3333333333333335,5.0,1.0,1.699673171197595,3.2,5.0,1.0,1.6431676725154984,5.0,7.0,2.0,2.160246899469287,4.8,7.0,2.0,2.16794833886788,0.0,0.0,0.0,0.0,0.0,-1.5,0.0,0.0,-2.75,0.0,0.0,-2.642857142857143,0,0,0,0,1,2,0,0,0.0,0.0,0.0,0.0,0.0,41.33333333333333,0.0,0.1428571428571428,0.7142857142857143,0.0,3.604395604395606,6.990277567019815,40,91,0.0,0.0,0,0,0,114.24000000000001,114.24000000000001
2028,IRI,21,3,6,3,12,0.0,0.0,345,0,FRA,4,0,999,77,1948,0,0,Iran,0.0,3.0,3.0,0.0,2.0,1.0,0.0,2.0,4.0,0.0,7.0,8.0,3.0,3.0,3.0,0.0,3.4,7.0,1.0,2.1908902300206647,3.0,6.0,1.0,2.160246899469287,2.8,6.0,0.0,2.588435821108957,3.0,4.0,2.0,0.816496580927726,2.2,4.0,1.0,1.3038404810405295,9.0,12.0,7.0,2.160246899469287,8.4,13.0,2.0,4.39317652729776,0.0,0.0,0.0,0.0,0.0,1.0,0.0,0.0,1.0,0.0,0.0,0.8392857142857142,0,0,1,2,1,1,1,1,0.0,0.0,0.0,0.0,0.0268508045566999,228.0,0.0,0.4615384615384615,0.2307692307692307,0.0,3.604395604395606,6.990277567019815,40,91,0.0,0.0,0,0,0,41.82,41.82
2028,IRL,19,4,0,3,7,0.0,0.0,345,0,FRA,4,0,999,97,1928,0,0,Ireland,0.0,2.0,0.0,0.0,0.0,2.0,0.0,2.0,0.0,0.0,4.0,2.0,2.0,4.0,0.0,1.632993161855452,1.4,4.0,0.0,1.6733200530681511,0.6666666666666666,2.0,0.0,0.9428090415820634,0.8,2.0,0.0,0.8366600265340756,1.6666666666666667,3.0,0.0,1.247219128924647,2.2,4.0,0.0,1.4832396974191326,4.333333333333333,7.0,2.0,2.0548046676563256,4.4,7.0,2.0,2.073644135332772,0.0,0.0,0.0,0.0,0.0,0.0,0.0,0.0,0.0,0.0,0.0,-0.25,1,2,0,0,1,2,1,2,0.0,0.0,0.0,0.0,0.0358010727422666,192.0,0.0,0.0,0.375,0.0,3.604395604395606,6.990277567019815,40,91,0.0,0.0,0,0,0,145.86,145.86
2028,ISR,41,1,5,1,7,0.0,0.0,345,0,FRA,4,0,999,33,1992,0,0,Israel,0.0,2.0,0.0,0.0,0.0,0.0,0.0,2.0,2.0,0.0,4.0,2.0,1.0,2.0,0.0,0.816496580927726,0.8,2.0,0.0,0.8366600265340756,1.6666666666666667,5.0,0.0,2.357022603955158,1.0,5.0,0.0,2.23606797749979,1.6666666666666667,2.0,1.0,0.4714045207910317,1.4,2.0,1.0,0.5477225575051662,4.333333333333333,7.0,2.0,2.0548046676563256,3.2,7.0,1.0,2.3874672772626644,0.0,0.0,0.0,0.0,0.0,0.0,0.0,0.0,-0.5,0.0,0.0,-0.25,0,0,1,1,0,0,1,3,0.0,0.0,0.0,0.0,0.0089502681855666,32.0,0.0,0.625,0.125,0.0,3.604395604395606,6.990277567019815,40,91,0.0,0.0,0,0,0,90.78,90.78
2028,ITA,9,12,13,15,40,0.0,0.0,345,0,FRA,4,0,64,125,1900,0,0,Italy,0.0,10.0,8.0,0.0,10.0,12.0,0.0,20.0,8.0,0.0,40.0,28.0,10.0,12.0,8.0,1.632993161855452,9.2,12.0,8.0,1.7888543819998333,11.666666666666666,13.0,10.0,1.247219128924647,10.6,13.0,9.0,1.8165902124584976,14.333333333333334,20.0,8.0,4.921607686744467,12.8,20.0,8.0,4.764451699828638,36.0,40.0,28.0,5.656854249492381,32.6,40.0,27.0,6.767569726275451,0.0,0.0,-0.05,0.0,0.0,0.4666666666666667,0.0,0.0,-1.75,0.0,0.0,-0.4285714285714286,1,2,1,1,0,0,0,0,0.0,0.0,0.0,0.0,0.1074032182267999,1240.0,0.0,0.3170731707317073,0.3658536585365853,0.0,3.604395604395606,6.990277567019815,40,91,0.0,0.0,0,0,0,404.94,404.94
2028,Ivory Coast,84,0,0,1,1,0.0,0.0,345,0,FRA,4,0,999,41,1984,0,0,Ivory Coast,0.0,0.0,1.0,0.0,0.0,0.0,0.0,1.0,1.0,0.0,1.0,2.0,0.3333333333333333,1.0,0.0,0.4714045207910317,0.25,1.0,0.0,0.5,0.0,0.0,0.0,0.0,0.25,1.0,0.0,0.5,1.0,1.0,1.0,0.0,0.75,1.0,0.0,0.5,1.3333333333333333,2.0,1.0,0.4714045207910317,1.25,2.0,1.0,0.5,0.0,0.0,0.0,0.0,0.0,0.0,0.0,0.0,0.0,0.0,0.0,0.5,0,0,0,0,0,0,0,0,0.0,0.0,0.0,0.0,0.0,13.333333333333332,0.0,0.0,0.5,0.0,3.604395604395606,6.990277567019815,40,91,0.0,0.0,0,0,0,0.0,0.0
2028,JAM,44,1,3,2,6,0.0,0.0,345,0,FRA,4,0,999,77,1948,0,0,Jamaica,0.0,4.0,6.0,0.0,1.0,3.0,0.0,4.0,2.0,0.0,9.0,11.0,3.6666666666666665,6.0,1.0,2.0548046676563256,4.0,6.0,1.0,1.8708286933869709,2.3333333333333335,3.0,1.0,0.9428090415820634,3.2,5.0,1.0,1.4832396974191326,2.6666666666666665,4.0,2.0,0.9428090415820634,2.8,4.0,2.0,1.0954451150103324,8.666666666666666,11.0,6.0,2.0548046676563256,10.0,13.0,6.0,2.6457513110645894,0.0,0.0,-0.4166666666666666,0.0,0.0,2.666666666666667,0.0,0.0,-1.5,0.0,0.0,-0.1515151515151516,0,0,1,1,0,0,0,0,0.0,0.0,0.0,0.0,0.0089502681855666,278.66666666666663,0.0,0.4285714285714285,0.2857142857142857,0.0,3.604395604395606,6.990277567019815,40,91,0.0,0.0,0,0,0,66.3,66.3
2028,JOR,74,0,1,0,1,0.0,0.0,345,0,FRA,4,0,999,9,2016,0,0,Jordan,0.0,0.0,1.0,0.0,1.0,0.0,0.0,1.0,0.0,0.0,2.0,1.0,0.3333333333333333,1.0,0.0,0.4714045207910317,0.3333333333333333,1.0,0.0,0.5773502691896258,0.6666666666666666,1.0,0.0,0.4714045207910317,0.6666666666666666,1.0,0.0,0.5773502691896258,0.3333333333333333,1.0,0.0,0.4714045207910317,0.3333333333333333,1.0,0.0,0.5773502691896258,1.3333333333333333,2.0,1.0,0.4714045207910317,1.3333333333333333,2.0,1.0,0.5773502691896257,0.0,0.0,0.0,0.0,0.0,0.0,0.0,0.0,0.0,0.0,0.0,-1.5,0,0,0,0,0,0,0,0,0.0,0.0,0.0,0.0,0.0,2.6666666666666665,0.0,0.5,0.0,0.0,3.604395604395606,6.990277567019815,40,91,0.0,0.0,0,0,0,12.24,12.24
2028,JPN,3,20,12,13,45,0.0,0.0,345,0,FRA,4,0,4,105,1920,0,0,Japan,0.0,27.0,12.0,0.0,14.0,8.0,0.0,17.0,21.0,0.0,58.0,41.0,19.666666666666668,27.0,12.0,6.128258770283411,15.0,27.0,7.0,8.336666000266531,11.333333333333334,14.0,8.0,2.494438257849294,11.2,14.0,8.0,3.03315017762062,17.0,21.0,13.0,3.265986323710904,15.2,21.0,8.0,4.919349550499541,48.0,58.0,41.0,7.2571803523590805,41.4,58.0,25.0,11.92895636675732,0.0,0.0,-1.5092592592592593,0.0,0.0,-0.8928571428571429,0.0,0.0,-0.0448179271708684,0.0,0.0,-0.6387720773759461,0,0,0,0,0,0,0,0,0.0,0.0,0.0,0.0,0.1790053637113332,2045.3333333333333,0.0,0.2608695652173913,0.2826086956521739,0.0,3.604395604395606,6.990277567019815,40,91,0.0,0.0,0,0,0,438.6,438.6
2028,KAZ,43,1,3,3,7,0.0,0.0,345,0,FRA,4,0,999,29,1996,1,33,Kazakhstan,0.0,0.0,2.0,0.0,0.0,5.0,0.0,8.0,10.0,0.0,8.0,17.0,1.0,2.0,0.0,0.816496580927726,1.6,3.0,0.0,1.140175425099138,2.6666666666666665,5.0,0.0,2.0548046676563256,2.6,5.0,0.0,1.8165902124584947,7.0,10.0,3.0,2.943920288775949,6.2,10.0,3.0,2.863564212655271,10.666666666666666,17.0,7.0,4.4969125210773475,10.4,17.0,7.0,3.974921382870358,0.0,0.0,0.0,0.0,0.0,0.0,0.0,0.0,-0.425,0.0,0.0,0.4044117647058823,1,1,1,1,0,0,0,0,0.0,0.0,0.0,0.0,0.0089502681855666,28.0,0.0,0.375,0.375,0.0,3.604395604395606,6.990277567019815,40,91,0.0,0.0,0,1,0,80.58,80.58
2028,KEN,17,4,2,5,11,0.0,0.0,345,0,FRA,4,0,999,61,1964,0,0,Kenya,0.0,4.0,6.0,0.0,4.0,6.0,0.0,2.0,1.0,0.0,10.0,13.0,4.666666666666667,6.0,4.0,0.9428090415820634,4.4,6.0,2.0,1.6733200530681505,4.0,6.0,2.0,1.632993161855452,4.0,6.0,2.0,1.414213562373095,2.6666666666666665,5.0,1.0,1.699673171197595,4.2,7.0,1.0,2.5884358211089573,11.333333333333334,13.0,10.0,1.247219128924647,12.6,16.0,10.0,2.3021728866442674,0.0,0.0,0.3333333333333333,0.0,0.0,-0.1666666666666666,0.0,0.0,0.5,0.0,0.0,0.3307692307692308,0,0,0,0,1,2,1,1,0.0,0.0,0.0,0.0,0.0358010727422666,280.0,0.0,0.1666666666666666,0.4166666666666667,0.0,3.604395604395606,6.990277567019815,40,91,0.0,0.0,0,0,0,75.48,75.48
2028,KGZ,68,0,2,4,6,0.0,0.0,345,0,FRA,4,0,999,25,2000,1,33,Kyrgyzstan,0.0,0.0,0.0,0.0,2.0,0.0,0.0,1.0,0.0,0.0,3.0,0.0,0.0,0.0,0.0,0.0,0.0,0.0,0.0,0.0,2.0,2.0,2.0,0.0,1.25,2.0,0.0,0.957427107756338,2.5,4.0,1.0,1.5,2.0,4.0,1.0,1.4142135623730951,4.5,6.0,3.0,1.5,3.25,6.0,1.0,2.06155281280883,0.0,0.0,0.0,0.0,0.0,-1.0,0.0,0.0,3.5,0.0,0.0,1.0,0,0,0,0,1,1,1,1,0.0,0.0,0.0,0.0,0.0,0.0,0.0,0.2857142857142857,0.5714285714285714,0.0,3.604395604395606,6.990277567019815,40,91,0.0,0.0,0,0,0,16.32,16.32
2028,KOR,8,13,9,10,32,0.0,0.0,345,0,FRA,4,0,36,77,1948,0,0,South Korea,0.0,6.0,9.0,0.0,4.0,3.0,0.0,10.0,9.0,0.0,20.0,21.0,9.333333333333334,13.0,6.0,2.8674417556808756,10.8,13.0,6.0,3.1937438845342627,5.333333333333333,9.0,3.0,2.6246692913372702,7.2,11.0,3.0,3.492849839314597,9.666666666666666,10.0,9.0,0.4714045207910317,9.2,10.0,8.0,0.8366600265340789,24.333333333333332,32.0,20.0,5.436502143433363,27.2,32.0,20.0,6.1400325732035,0.0,0.0,1.5,0.0,0.0,0.9166666666666669,0.0,0.0,-0.1111111111111111,0.0,0.0,0.6476190476190478,1,1,1,2,0,0,1,1,0.0,0.0,0.0,0.0,0.1163534864123665,709.3333333333334,0.0,0.2727272727272727,0.303030303030303,0.0,3.604395604395606,6.990277567019815,40,91,0.0,0.0,0,0,0,149.94,149.94
2028,KOS,73,0,1,1,2,0.0,0.0,345,0,FRA,4,0,999,9,2016,0,0,Kosovo,0.0,2.0,1.0,0.0,0.0,0.0,0.0,0.0,0.0,0.0,2.0,1.0,1.0,2.0,0.0,0.816496580927726,1.0,2.0,0.0,1.0,0.3333333333333333,1.0,0.0,0.4714045207910317,0.3333333333333333,1.0,0.0,0.5773502691896258,0.3333333333333333,1.0,0.0,0.4714045207910317,0.3333333333333333,1.0,0.0,0.5773502691896258,1.6666666666666667,2.0,1.0,0.4714045207910317,1.6666666666666667,2.0,1.0,0.5773502691896257,0.0,0.0,-2.0,0.0,0.0,0.0,0.0,0.0,0.0,0.0,0.0,-1.0,0,0,1,1,1,1,0,0,0.0,0.0,0.0,0.0,0.0,8.0,0.0,0.3333333333333333,0.3333333333333333,0.0,3.604395604395606,6.990277567019815,40,91,0.0,0.0,0,0,0,9.18,9.18
2028,LCA,55,1,1,0,2,0.0,0.0,345,0,FRA,4,0,999,1,2024,0,0,Saint Lucia,0.0,0.0,0.0,0.0,0.0,0.0,0.0,0.0,0.0,0.0,0.0,0.0,1.0,1.0,1.0,0.0,1.0,1.0,1.0,0.0,1.0,1.0,1.0,0.0,1.0,1.0,1.0,0.0,0.0,0.0,0.0,0.0,0.0,0.0,0.0,0.0,2.0,2.0,2.0,0.0,2.0,2.0,2.0,0.0,0.0,0.0,0.0,0.0,0.0,0.0,0.0,0.0,0.0,0.0,0.0,0.0,0,0,0,0,0,0,0,0,0.0,0.0,0.0,0.0,0.0089502681855666,0.0,0.0,0.3333333333333333,0.0,0.0,3.604395604395606,6.990277567019815,40,91,0.0,0.0,1,1,0,4.08,4.08
2028,LTU,70,0,2,2,4,0.0,0.0,345,0,FRA,4,0,999,33,1992,1,33,Lithuania,0.0,0.0,0.0,0.0,1.0,1.0,0.0,0.0,3.0,0.0,1.0,4.0,0.0,0.0,0.0,0.0,0.4,2.0,0.0,0.8944271909999159,1.3333333333333333,2.0,1.0,0.4714045207910317,1.4,3.0,0.0,1.140175425099138,1.6666666666666667,3.0,0.0,1.247219128924647,2.0,3.0,0.0,1.224744871391589,3.0,4.0,1.0,1.4142135623730951,3.8,5.0,1.0,1.643167672515499,0.0,0.0,0.0,0.0,0.0,1.0,0.0,0.0,0.0,0.0,0.0,3.75,0,0,1,1,1,1,1,1,0.0,0.0,0.0,0.0,0.0,0.0,0.0,0.4,0.4,0.0,3.604395604395606,6.990277567019815,40,91,0.0,0.0,0,0,0,52.02,52.02
2028,MAR,60,1,0,1,2,0.0,0.0,345,0,FRA,4,0,999,65,1960,0,0,Morocco,0.0,1.0,0.0,0.0,0.0,0.0,0.0,0.0,1.0,0.0,1.0,1.0,0.6666666666666666,1.0,0.0,0.4714045207910317,0.4,1.0,0.0,0.5477225575051662,0.0,0.0,0.0,0.0,0.2,1.0,0.0,0.4472135954999579,0.6666666666666666,1.0,0.0,0.4714045207910317,0.8,1.0,0.0,0.4472135954999574,1.3333333333333333,2.0,1.0,0.4714045207910317,1.4,2.0,1.0,0.5477225575051659,0.0,0.0,0.0,0.0,0.0,0.0,0.0,0.0,0.0,0.0,0.0,1.0,0,0,0,0,1,1,1,1,0.0,0.0,0.0,0.0,0.0089502681855666,42.66666666666666,0.0,0.0,0.3333333333333333,0.0,3.604395604395606,6.990277567019815,40,91,0.0,0.0,0,0,0,62.22,62.22
2028,MAS,80,0,0,2,2,0.0,0.0,345,0,FRA,4,0,999,33,1992,0,0,Malaysia,0.0,0.0,0.0,0.0,1.0,4.0,0.0,1.0,1.0,0.0,2.0,5.0,0.0,0.0,0.0,0.0,0.0,0.0,0.0,0.0,1.6666666666666667,4.0,0.0,1.699673171197595,1.4,4.0,0.0,1.5165750888103102,1.3333333333333333,2.0,1.0,0.4714045207910317,1.0,2.0,0.0,0.7071067811865476,3.0,5.0,2.0,1.4142135623730951,2.4,5.0,1.0,1.51657508881031,0.0,0.0,0.0,0.0,0.0,-0.25,0.0,0.0,1.0,0.0,0.0,0.6,0,0,0,0,1,1,0,0,0.0,0.0,0.0,0.0,0.0,0.0,0.0,0.0,0.6666666666666666,0.0,3.604395604395606,6.990277567019815,40,91,0.0,0.0,0,0,0,26.52,26.52
2028,MDA,72,0,1,3,4,0.0,0.0,345,0,FRA,4,0,999,29,1996,1,33,Moldova,0.0,0.0,0.0,0.0,0.0,0.0,0.0,1.0,0.0,0.0,1.0,0.0,0.0,0.0,0.0,0.0,0.0,0.0,0.0,0.0,0.5,1.0,0.0,0.5,0.6,1.0,0.0,0.5477225575051661,2.0,3.0,1.0,1.0,1.4,3.0,1.0,0.8944271909999159,2.5,4.0,1.0,1.5,2.0,4.0,1.0,1.224744871391589,0.0,0.0,0.0,0.0,0.0,0.0,0.0,0.0,2.0,0.0,0.0,3.0,0,0,1,1,1,1,1,1,0.0,0.0,0.0,0.0,0.0,0.0,0.0,0.2,0.6,0.0,3.604395604395606,6.990277567019815,40,91,0.0,0.0,0,0,0,26.52,26.52
2028,MEX,65,0,3,2,5,0.0,0.0,345,0,FRA,4,0,56,93,1932,0,0,Mexico,0.0,0.0,0.0,0.0,0.0,3.0,0.0,4.0,2.0,0.0,4.0,5.0,0.0,0.0,0.0,0.0,0.6,2.0,0.0,0.8944271909999163,2.0,3.0,0.0,1.4142135623730951,1.8,3.0,0.0,1.6431676725154984,2.6666666666666665,4.0,2.0,0.9428090415820634,2.8,4.0,2.0,1.095445115010332,4.666666666666667,5.0,4.0,0.4714045207910317,5.2,8.0,4.0,1.6431676725155002,0.0,0.0,0.0,0.0,0.0,0.0,0.0,0.0,-1.5,0.0,0.0,0.4499999999999999,0,0,1,1,0,0,1,1,0.0,0.0,0.0,0.0,0.0,0.0,0.0,0.5,0.3333333333333333,0.0,3.604395604395606,6.990277567019815,40,91,0.0,0.0,0,0,0,110.16,110.16
2028,MGL,74,0,1,0,1,0.0,0.0,345,0,FRA,4,0,999,57,1968,0,0,Mongolia,0.0,0.0,0.0,0.0,1.0,1.0,0.0,3.0,1.0,0.0,4.0,2.0,0.0,0.0,0.0,0.0,0.4,2.0,0.0,0.8944271909999159,1.0,1.0,1.0,0.0,1.4,2.0,1.0,0.5477225575051661,1.3333333333333333,3.0,0.0,1.247219128924647,1.4,3.0,0.0,1.51657508881031,2.3333333333333335,4.0,1.0,1.247219128924647,3.2,5.0,1.0,1.6431676725154978,0.0,0.0,0.0,0.0,0.0,0.0,0.0,0.0,-3.0,0.0,0.0,-1.75,0,0,0,0,0,0,0,0,0.0,0.0,0.0,0.0,0.0,0.0,0.0,0.5,0.0,0.0,3.604395604395606,6.990277567019815,40,91,0.0,0.0,0,0,0,32.64,32.64
2028,NED,6,15,7,12,34,0.0,0.0,345,0,FRA,4,0,96,125,1900,0,0,Netherlands,0.0,10.0,8.0,0.0,12.0,7.0,0.0,14.0,4.0,0.0,36.0,19.0,11.0,15.0,8.0,2.943920288775949,9.2,15.0,6.0,3.5637059362410928,8.666666666666666,12.0,7.0,2.357022603955158,7.4,12.0,5.0,2.701851217221257,10.0,14.0,4.0,4.320493798938574,8.4,14.0,4.0,4.560701700396553,29.666666666666668,36.0,19.0,7.586537784494028,25.0,36.0,16.0,9.273618495495702,0.0,0.0,0.25,0.0,0.0,-1.130952380952381,0.0,0.0,-2.642857142857143,0.0,0.0,-0.9502923976608186,1,3,0,0,0,0,0,0,0.0,0.0,0.0,0.0,0.1342540227834998,1364.0,0.0,0.2,0.3428571428571428,0.0,3.604395604395606,6.990277567019815,40,91,0.0,0.0,0,0,0,293.76,293.76
2028,NOR,18,4,1,3,8,0.0,0.0,345,0,FRA,4,0,999,125,1900,0,0,Norway,0.0,4.0,0.0,0.0,2.0,0.0,0.0,2.0,4.0,0.0,8.0,4.0,2.6666666666666665,4.0,0.0,1.8856180831641267,2.6,4.0,0.0,1.67332005306815,1.0,2.0,0.0,0.816496580927726,1.8,5.0,0.0,1.923538406167134,3.0,4.0,2.0,0.816496580927726,2.2,4.0,1.0,1.3038404810405295,6.666666666666667,8.0,4.0,1.8856180831641267,6.6,9.0,4.0,2.4083189157584592,0.0,0.0,0.0,0.0,0.0,0.0,0.0,0.0,1.0,0.0,0.0,-1.0,0,0,0,0,1,1,0,0,0.0,0.0,0.0,0.0,0.0358010727422666,330.66666666666663,0.0,0.1111111111111111,0.3333333333333333,0.0,3.604395604395606,6.990277567019815,40,91,0.0,0.0,0,0,0,111.18,111.18
2028,NZL,11,10,7,3,20,0.0,0.0,345,0,FRA,4,0,999,105,1920,0,0,New Zealand,0.0,7.0,4.0,0.0,6.0,9.0,0.0,7.0,5.0,0.0,20.0,18.0,7.0,10.0,4.0,2.449489742783178,6.0,10.0,3.0,2.7386127875258306,7.333333333333333,9.0,6.0,1.247219128924647,5.2,9.0,2.0,3.1144823004794877,5.0,7.0,3.0,1.632993161855452,4.8,7.0,3.0,1.4832396974191335,19.333333333333332,20.0,18.0,0.9428090415820634,16.0,20.0,9.0,4.847679857416329,0.0,0.0,-0.3214285714285714,0.0,0.0,0.5000000000000001,0.0,0.0,-0.9714285714285712,0.0,0.0,-0.1111111111111111,1,2,1,1,0,0,0,0,0.0,0.0,0.0,0.0,0.0895026818556666,728.0,0.0,0.3333333333333333,0.1428571428571428,0.0,3.604395604395606,6.990277567019815,40,91,0.0,0.0,0,0,0,212.16,212.16
2028,PAK,62,1,0,0,1,0.0,0.0,345,0,FRA,4,0,999,69,1956,0,0,Pakistan,0.0,0.0,0.0,0.0,0.0,0.0,0.0,0.0,0.0,0.0,0.0,0.0,1.0,1.0,1.0,0.5773502691896258,0.4,1.0,0.0,0.5477225575051661,0.0,0.0,0.0,0.0,0.0,0.0,0.0,0.0,0.0,0.0,0.0,0.5773502691896258,0.6,1.0,0.0,0.5477225575051662,1.0,1.0,1.0,0.0,1.0,1.0,1.0,0.0,0.0,0.0,0.0,0.0,0.0,0.0,0.0,0.0,-1.0,0.0,0.0,0.0,1,1,0,0,0,0,0,0,0.0,0.0,0.0,0.0,0.0089502681855666,22.666666666666664,0.0,0.0,0.0,0.0,3.604395604395606,6.990277567019815,40,91,0.0,0.0,0,1,1,7.140000000000001,7.140000000000001
2028,PAN,74,0,1,0,1,0.0,0.0,345,0,FRA,4,0,999,77,1948,0,0,Panama,0.0,0.0,0.0,0.0,0.0,0.0,0.0,0.0,0.0,0.0,0.0,0.0,0.0,0.0,0.0,0.5773502691896258,0.3333333333333333,1.0,0.0,0.5773502691896258,1.0,1.0,1.0,0.5773502691896258,0.3333333333333333,1.0,0.0,0.5773502691896258,0.0,0.0,0.0,1.1547005383792517,0.6666666666666666,2.0,0.0,1.1547005383792517,1.0,1.0,1.0,0.5773502691896257,1.3333333333333333,2.0,1.0,0.5773502691896257,0.0,0.0,0.0,0.0,0.0,0.0,0.0,0.0,0.0,0.0,0.0,0.5,0,0,1,1,0,0,0,0,0.0,0.0,0.0,0.0,0.0,25.33333333333333,0.0,0.5,0.0,0.0,3.604395604395606,6.990277567019815,40,91,0.0,0.0,0,0,1,8.16,8.16
2028,PER,84,0,0,1,1,0.0,0.0,345,0,FRA,4,0,999,77,1948,0,0,Peru,0.0,0.0,0.0,0.0,0.0,0.0,0.0,0.0,0.0,0.0,0.0,0.0,0.0,0.0,0.0,0.0,0.2,1.0,0.0,0.447213595499958,0.0,0.0,0.0,0.5773502691896258,0.6,1.0,0.0,0.5477225575051662,1.0,1.0,1.0,0.5773502691896258,0.2,1.0,0.0,0.4472135954999579,1.0,1.0,1.0,0.0,1.0,1.0,1.0,0.0,0.0,0.0,0.0,0.0,0.0,-1.0,0.0,0.0,0.0,0.0,0.0,0.0,0,0,0,0,1,1,0,0,0.0,0.0,0.0,0.0,0.0,0.0,0.0,0.0,0.5,0.0,3.604395604395606,6.990277567019815,40,91,0.0,0.0,0,0,1,26.52,26.52
2028,PHI,37,2,0,2,4,0.0,0.0,345,0,FRA,4,0,999,97,1928,0,0,Philippines,0.0,1.0,0.0,0.0,2.0,1.0,0.0,1.0,0.0,0.0,4.0,1.0,1.0,2.0,0.0,0.816496580927726,0.6,2.0,0.0,0.8944271909999159,1.0,2.0,0.0,0.816496580927726,0.8,2.0,0.0,0.8366600265340756,1.0,2.0,0.0,0.816496580927726,0.8,2.0,0.0,0.8366600265340756,3.0,4.0,1.0,1.4142135623730951,2.2,4.0,1.0,1.6431676725154984,0.0,0.0,0.0,0.0,0.0,-2.0,0.0,0.0,0.0,0.0,0.0,-3.0,1,2,0,0,1,2,0,0,0.0,0.0,0.0,0.0,0.0179005363711333,96.0,0.0,0.0,0.4,0.0,3.604395604395606,6.990277567019815,40,91,0.0,0.0,0,0,0,22.44,22.44
2028,POL,42,1,4,5,10,0.0,0.0,345,0,FRA,4,0,999,101,1924,0,0,Poland,0.0,4.0,2.0,0.0,5.0,3.0,0.0,5.0,6.0,0.0,14.0,11.0,2.3333333333333335,4.0,1.0,1.247219128924647,2.8,4.0,1.0,1.3038404810405289,4.0,5.0,3.0,0.816496580927726,3.8,5.0,2.0,1.3038404810405293,5.333333333333333,6.0,5.0,0.4714045207910317,4.8,6.0,2.0,1.6431676725154982,11.666666666666666,14.0,10.0,1.699673171197595,11.4,14.0,10.0,1.5165750888103111,0.0,0.0,-1.75,0.0,0.0,-0.8666666666666667,0.0,0.0,0.1666666666666666,0.0,0.0,-0.5584415584415584,0,0,0,0,0,0,0,0,0.0,0.0,0.0,0.0,0.0089502681855666,233.33333333333331,0.0,0.3636363636363636,0.4545454545454545,0.0,3.604395604395606,6.990277567019815,40,91,0.0,0.0,0,0,0,230.52,230.52
2028,POR,50,1,2,1,4,0.0,0.0,345,0,FRA,4,0,999,101,1924,0,0,Portugal,0.0,1.0,0.0,0.0,1.0,0.0,0.0,2.0,1.0,0.0,4.0,1.0,0.6666666666666666,1.0,0.0,0.4714045207910317,0.6,1.0,0.0,0.5477225575051661,1.0,2.0,0.0,0.816496580927726,1.0,2.0,0.0,0.7071067811865475,1.3333333333333333,2.0,1.0,0.4714045207910317,0.8,2.0,0.0,0.8366600265340756,3.0,4.0,1.0,1.4142135623730951,2.4,4.0,1.0,1.51657508881031,0.0,0.0,0.0,0.0,0.0,0.0,0.0,0.0,-1.5,0.0,0.0,-3.0,0,0,1,2,0,0,0,0,0.0,0.0,0.0,0.0,0.0089502681855666,66.66666666666666,0.0,0.4,0.2,0.0,3.604395604395606,6.990277567019815,40,91,0.0,0.0,0,0,0,76.5,76.5
2028,PRK,68,0,2,4,6,0.0,0.0,345,0,FRA,4,0,999,53,1972,0,0,North Korea,0.0,0.0,2.0,0.0,0.0,3.0,0.0,0.0,2.0,0.0,0.0,7.0,1.0,2.0,0.0,1.0,1.6,4.0,0.0,1.673320053068151,2.5,3.0,2.0,0.5,2.2,4.0,0.0,1.4832396974191326,3.0,4.0,2.0,1.0,2.2,4.0,1.0,1.095445115010332,6.5,7.0,6.0,0.5,6.0,7.0,5.0,0.7071067811865478,0.0,0.0,-0.5,0.0,0.0,0.0,0.0,0.0,1.0,0.0,0.0,-0.3095238095238096,0,0,0,0,1,1,0,0,0.0,0.0,0.0,0.0,0.0,104.0,0.0,0.2857142857142857,0.5714285714285714,0.0,3.604395604395606,6.990277567019815,40,91,0.0,0.0,0,0,0,14.280000000000001,14.280000000000001
2028,PUR,80,0,0,2,2,0.0,0.0,345,0,FRA,4,0,999,77,1948,0,0,Puerto Rico,0.0,1.0,1.0,0.0,0.0,0.0,0.0,0.0,0.0,0.0,1.0,1.0,0.6666666666666666,1.0,0.0,0.4714045207910317,0.4,1.0,0.0,0.5477225575051661,0.0,0.0,0.0,0.0,0.2,1.0,0.0,0.447213595499958,0.6666666666666666,2.0,0.0,0.9428090415820634,0.8,2.0,0.0,0.8366600265340756,1.3333333333333333,2.0,1.0,0.4714045207910317,1.4,2.0,1.0,0.5477225575051662,0.0,0.0,-1.0,0.0,0.0,0.0,0.0,0.0,0.0,0.0,0.0,1.0,0,0,0,0,1,1,1,1,0.0,0.0,0.0,0.0,0.0,50.66666666666666,0.0,0.0,0.6666666666666666,0.0,3.604395604395606,6.990277567019815,40,91,0.0,0.0,0,0,0,52.02,52.02
2028,QAT,84,0,0,1,1,0.0,0.0,345,0,FRA,4,0,999,33,1992,0,0,Qatar,0.0,2.0,0.0,0.0,0.0,1.0,0.0,1.0,0.0,0.0,3.0,1.0,0.6666666666666666,2.0,0.0,0.9428090415820634,0.4,2.0,0.0,0.8944271909999159,0.3333333333333333,1.0,0.0,0.4714045207910317,0.4,1.0,0.0,0.5477225575051661,0.6666666666666666,1.0,0.0,0.4714045207910317,0.8,1.0,0.0,0.4472135954999579,1.6666666666666667,3.0,1.0,0.9428090415820634,1.6,3.0,1.0,0.8944271909999159,0.0,0.0,0.0,0.0,0.0,0.0,0.0,0.0,0.0,0.0,0.0,-2.666666666666667,0,0,0,0,0,0,0,0,0.0,0.0,0.0,0.0,0.0,21.33333333333333,0.0,0.0,0.5,0.0,3.604395604395606,6.990277567019815,40,91,0.0,0.0,0,0,0,13.26,13.26
2028,ROU,23,3,4,2,9,0.0,0.0,345,0,FRA,4,0,999,101,1924,0,0,Romania,0.0,1.0,1.0,0.0,3.0,1.0,0.0,0.0,2.0,0.0,4.0,4.0,1.6666666666666667,3.0,1.0,0.9428090415820634,2.2,4.0,1.0,1.303840481040524,2.6666666666666665,4.0,1.0,1.247219128924647,2.6,4.0,1.0,1.5165750888103071,1.3333333333333333,2.0,0.0,0.9428090415820634,1.8,4.0,0.0,1.4832396974191346,5.666666666666667,9.0,4.0,2.357022603955158,6.6,9.0,4.0,2.50998007960222,0.0,0.0,2.0,0.0,0.0,-1.6666666666666667,0.0,0.0,0.0,0.0,0.0,1.25,1,1,1,2,1,1,1,1,0.0,0.0,0.0,0.0,0.0268508045566999,166.66666666666669,0.0,0.4,0.2,0.0,3.604395604395606,6.990277567019815,40,91,0.0,0.0,0,0,0,97.92,97.92
2028,RSA,44,1,3,2,6,0.0,0.0,345,0,FRA,4,0,999,117,1908,0,0,South Africa,0.0,1.0,2.0,0.0,2.0,6.0,0.0,0.0,2.0,0.0,3.0,10.0,1.3333333333333333,2.0,1.0,0.4714045207910317,1.6,4.0,0.0,1.51657508881031,3.6666666666666665,6.0,2.0,1.699673171197595,2.6,6.0,1.0,2.073644135332772,1.3333333333333333,2.0,0.0,0.9428090415820634,1.0,2.0,0.0,1.0,6.333333333333333,10.0,3.0,2.8674417556808756,5.2,10.0,1.0,3.420526275297414,0.0,0.0,0.5,0.0,0.0,1.1666666666666667,0.0,0.0,0.0,0.0,0.0,1.7,0,0,1,1,1,1,1,1,0.0,0.0,0.0,0.0,0.0089502681855666,154.66666666666666,0.0,0.4285714285714285,0.2857142857142857,0.0,3.604395604395606,6.990277567019815,40,91,0.0,0.0,0,0,0,143.82,143.82
2028,SGP,84,0,0,1,1,0.0,0.0,345,0,FRA,4,0,999,65,1960,0,0,Singapore,0.0,0.0,1.0,0.0,0.0,0.0,0.0,0.0,0.0,0.0,0.0,1.0,0.5,1.0,0.0,0.5,0.2,1.0,0.0,0.4472135954999579,0.0,0.0,0.0,0.0,0.4,1.0,0.0,0.5477225575051661,0.5,1.0,0.0,0.5,0.6,2.0,0.0,0.894427190999916,1.0,1.0,1.0,0.0,1.2,2.0,1.0,0.4472135954999579,0.0,0.0,0.0,0.0,0.0,0.0,0.0,0.0,0.0,0.0,0.0,0.5,0,0,0,0,1,1,0,0,0.0,0.0,0.0,0.0,0.0,21.33333333333333,0.0,0.0,0.5,0.0,3.604395604395606,6.990277567019815,40,91,0.0,0.0,0,0,0,23.46,23.46
2028,SLO,34,2,1,0,3,0.0,0.0,345,0,FRA,4,0,999,33,1992,0,0,Slovenia,0.0,3.0,1.0,0.0,1.0,2.0,0.0,1.0,1.0,0.0,5.0,4.0,2.0,3.0,1.0,0.816496580927726,1.6,3.0,1.0,0.8944271909999161,1.3333333333333333,2.0,1.0,0.4714045207910317,1.4,2.0,1.0,0.5477225575051661,0.6666666666666666,1.0,0.0,0.4714045207910317,1.2,2.0,0.0,0.8366600265340756,4.0,5.0,3.0,0.816496580927726,4.2,5.0,3.0,0.8366600265340756,0.0,0.0,-2.333333333333333,0.0,0.0,0.5,0.0,0.0,-1.0,0.0,0.0,-0.65,0,0,0,0,0,0,0,0,0.0,0.0,0.0,0.0,0.0179005363711333,64.0,0.0,0.25,0.0,0.0,3.604395604395606,6.990277567019815,40,91,0.0,0.0,0,0,0,95.88,95.88
2028,SRB,27,3,1,1,5,0.0,0.0,345,0,FRA,4,0,999,101,1924,0,0,Serbia,0.0,3.0,2.0,0.0,1.0,4.0,0.0,5.0,2.0,0.0,9.0,8.0,2.6666666666666665,3.0,2.0,0.4714045207910317,1.8,3.0,0.0,1.3038404810405289,2.0,4.0,1.0,1.4142135623730951,1.6,4.0,1.0,1.3416407864998738,2.6666666666666665,5.0,1.0,1.699673171197595,2.4,5.0,1.0,1.51657508881031,7.333333333333333,9.0,5.0,1.699673171197595,5.8,9.0,3.0,2.588435821108958,0.0,0.0,-0.5,0.0,0.0,0.75,0.0,0.0,-2.3,0.0,0.0,-0.5694444444444444,0,0,0,0,0,0,0,0,0.0,0.0,0.0,0.0,0.0268508045566999,266.66666666666663,0.0,0.1666666666666666,0.1666666666666666,0.0,3.604395604395606,6.990277567019815,40,91,0.0,0.0,0,0,0,116.28,116.28
2028,SUI,48,1,2,5,8,0.0,0.0,345,0,FRA,4,0,999,129,1896,0,0,Switzerland,0.0,3.0,3.0,0.0,4.0,2.0,0.0,6.0,2.0,0.0,13.0,7.0,2.3333333333333335,3.0,1.0,0.9428090415820634,2.2,3.0,1.0,0.8366600265340756,2.6666666666666665,4.0,2.0,0.9428090415820634,2.2,4.0,1.0,1.095445115010334,4.333333333333333,6.0,2.0,1.699673171197595,3.4,6.0,0.0,2.408318915758459,9.333333333333334,13.0,7.0,2.6246692913372702,7.8,13.0,4.0,3.271085446759225,0.0,0.0,-0.6666666666666667,0.0,0.0,-1.5,0.0,0.0,-2.1666666666666665,0.0,0.0,-1.2417582417582418,0,0,0,0,0,0,0,0,0.0,0.0,0.0,0.0,0.0089502681855666,298.6666666666667,0.0,0.2222222222222222,0.5555555555555556,0.0,3.604395604395606,6.990277567019815,40,91,0.0,0.0,0,0,0,139.74,139.74
2028,SVK,84,0,0,1,1,0.0,0.0,345,0,FRA,4,0,999,29,1996,0,0,Slovakia,0.0,1.0,2.0,0.0,2.0,2.0,0.0,1.0,0.0,0.0,4.0,4.0,1.0,2.0,0.0,0.816496580927726,1.2,3.0,0.0,1.3038404810405295,1.3333333333333333,2.0,0.0,0.9428090415820634,1.6,3.0,0.0,1.140175425099138,0.6666666666666666,1.0,0.0,0.4714045207910317,1.0,3.0,0.0,1.224744871391589,3.0,4.0,1.0,1.4142135623730951,3.8,6.0,1.0,1.7888543819998317,0.0,0.0,-0.5,0.0,0.0,-1.0,0.0,0.0,0.0,0.0,0.0,-0.75,0,0,0,0,0,0,0,0,0.0,0.0,0.0,0.0,0.0,28.0,0.0,0.0,0.5,0.0,3.604395604395606,6.990277567019815,40,91,0.0,0.0,0,0,0,28.560000000000002,28.560000000000002
2028,SWE,16,4,4,3,11,0.0,0.0,345,0,FRA,4,0,112,125,1900,0,0,Sweden,0.0,3.0,2.0,0.0,6.0,6.0,0.0,0.0,3.0,0.0,9.0,11.0,3.0,4.0,2.0,0.816496580927726,2.0,4.0,0.0,1.581138830084184,5.333333333333333,6.0,4.0,0.9428090415820634,4.8,6.0,4.0,1.0954451150103426,2.0,3.0,0.0,1.4142135623730951,2.0,3.0,0.0,1.414213562373092,10.333333333333334,11.0,9.0,0.9428090415820634,8.8,11.0,5.0,2.489979919597782,0.0,0.0,-0.1666666666666667,0.0,0.0,-0.3333333333333333,0.0,0.0,0.0,0.0,0.0,0.4040404040404041,1,4,0,0,1,1,1,1,0.0,0.0,0.0,0.0,0.0358010727422666,372.0,0.0,0.3333333333333333,0.25,0.0,3.604395604395606,6.990277567019815,40,91,0.0,0.0,0,0,0,127.5,127.5
2028,THA,44,1,3,2,6,0.0,0.0,345,0,FRA,4,0,999,49,1976,0,0,Thailand,0.0,1.0,2.0,0.0,0.0,2.0,0.0,1.0,2.0,0.0,2.0,6.0,1.3333333333333333,2.0,1.0,0.4714045207910317,1.2,2.0,0.0,0.8366600265340756,1.6666666666666667,3.0,0.0,1.247219128924647,1.8,3.0,0.0,1.095445115010332,1.6666666666666667,2.0,1.0,0.4714045207910317,1.8,2.0,1.0,0.4472135954999581,4.666666666666667,6.0,2.0,1.8856180831641267,4.8,6.0,2.0,1.7888543819998317,0.0,0.0,0.5,0.0,0.0,0.0,0.0,0.0,1.5,0.0,0.0,2.666666666666667,0,0,1,1,1,1,1,1,0.0,0.0,0.0,0.0,0.0089502681855666,64.0,0.0,0.4285714285714285,0.2857142857142857,0.0,3.604395604395606,6.990277567019815,40,91,0.0,0.0,0,0,0,53.04,53.04
2028,TJK,79,0,0,3,3,0.0,0.0,345,0,FRA,4,0,999,17,2008,1,33,Tajikistan,0.0,0.0,1.0,0.0,0.0,0.0,0.0,0.0,0.0,0.0,0.0,1.0,0.5,1.0,0.0,0.5,0.25,1.0,0.0,0.5,0.0,0.0,0.0,0.0,0.25,1.0,0.0,0.5,1.5,3.0,0.0,1.5,1.25,3.0,0.0,1.2583057392117916,2.0,3.0,1.0,1.0,1.75,3.0,1.0,0.957427107756338,0.0,0.0,0.0,0.0,0.0,0.0,0.0,0.0,0.0,0.0,0.0,2.0,0,0,0,0,1,1,1,1,0.0,0.0,0.0,0.0,0.0,5.333333333333333,0.0,0.0,0.75,0.0,3.604395604395606,6.990277567019815,40,91,0.0,0.0,0,0,0,14.280000000000001,14.280000000000001
2028,TPE,35,2,0,5,7,0.0,0.0,345,0,FRA,4,0,999,41,1984,0,0,Chinese Taipei,0.0,2.0,1.0,0.0,4.0,0.0,0.0,6.0,2.0,0.0,12.0,3.0,1.6666666666666667,2.0,1.0,0.4714045207910317,1.4,2.0,1.0,0.5477225575051661,1.3333333333333333,4.0,0.0,1.8856180831641267,1.0,4.0,0.0,1.7320508075688774,4.333333333333333,6.0,2.0,1.699673171197595,3.2,6.0,1.0,2.16794833886788,7.333333333333333,12.0,3.0,3.6817870057290873,5.6,12.0,2.0,4.03732584763727,0.0,0.0,-1.0,0.0,0.0,0.0,0.0,0.0,-2.1666666666666665,0.0,0.0,-3.4166666666666665,0,0,0,0,0,0,0,0,0.0,0.0,0.0,0.0,0.0179005363711333,66.66666666666667,0.0,0.0,0.625,0.0,3.604395604395606,6.990277567019815,40,91,0.0,0.0,0,0,0,61.2,61.2
2028,TUN,52,1,1,1,3,0.0,0.0,345,0,FRA,4,0,999,61,1964,0,0,Tunisia,0.0,1.0,0.0,0.0,1.0,0.0,0.0,0.0,3.0,0.0,2.0,3.0,0.6666666666666666,1.0,0.0,0.4714045207910317,1.0,2.0,0.0,0.7071067811865475,0.6666666666666666,1.0,0.0,0.4714045207910317,0.4,1.0,0.0,0.5477225575051661,1.3333333333333333,3.0,0.0,1.247219128924647,1.0,3.0,0.0,1.224744871391589,2.6666666666666665,3.0,2.0,0.4714045207910317,2.4,3.0,1.0,0.8944271909999159,0.0,0.0,0.0,0.0,0.0,0.0,0.0,0.0,0.0,0.0,0.0,0.8333333333333334,0,0,0,0,1,1,1,1,0.0,0.0,0.0,0.0,0.0089502681855666,40.0,0.0,0.25,0.25,0.0,3.604395604395606,6.990277567019815,40,91,0.0,0.0,0,0,0,26.52,26.52
2028,TUR,64,0,3,5,8,0.0,0.0,345,0,FRA,4,0,999,89,1936,0,0,Turkey,0.0,2.0,1.0,0.0,2.0,3.0,0.0,9.0,4.0,0.0,13.0,8.0,1.0,2.0,0.0,0.816496580927726,1.0,2.0,0.0,0.7071067811865485,2.6666666666666665,3.0,2.0,0.4714045207910317,2.0,3.0,1.0,1.0,6.0,9.0,4.0,2.160246899469287,4.4,9.0,1.0,2.9664793948382653,9.666666666666666,13.0,8.0,2.357022603955158,7.4,13.0,3.0,3.781534080237808,0.0,0.0,-2.0,0.0,0.0,0.8333333333333334,0.0,0.0,-1.6944444444444444,0.0,0.0,-1.0096153846153846,0,0,1,1,0,0,0,0,0.0,0.0,0.0,0.0,0.0,88.0,0.0,0.3333333333333333,0.5555555555555556,0.0,3.604395604395606,6.990277567019815,40,91,0.0,0.0,0,0,0,103.02,103.02
2028,UGA,55,1,1,0,2,0.0,0.0,345,0,FRA,4,0,999,57,1968,0,0,Uganda,0.0,2.0,0.0,0.0,1.0,0.0,0.0,1.0,0.0,0.0,4.0,0.0,1.5,2.0,1.0,0.5,0.8,2.0,0.0,0.8366600265340756,1.0,1.0,1.0,0.0,0.6,1.0,0.0,0.5477225575051661,0.5,1.0,0.0,0.5,0.4,1.0,0.0,0.5477225575051661,3.0,4.0,2.0,1.0,1.8,4.0,1.0,1.3038404810405295,0.0,0.0,-1.5,0.0,0.0,0.0,0.0,0.0,0.0,0.0,0.0,-3.5,0,0,0,0,0,0,0,0,0.0,0.0,0.0,0.0,0.0089502681855666,74.66666666666666,0.0,0.3333333333333333,0.0,0.0,3.604395604395606,6.990277567019815,40,91,0.0,0.0,0,0,0,25.5,25.5
2028,UKR,22,3,5,4,12,0.0,0.0,345,0,FRA,4,0,999,29,1996,1,33,Ukraine,0.0,1.0,2.0,0.0,6.0,5.0,0.0,12.0,4.0,0.0,19.0,11.0,2.0,3.0,1.0,0.816496580927726,3.6,7.0,1.0,2.408318915758459,5.333333333333333,6.0,5.0,0.4714045207910317,4.8,6.0,4.0,0.836660026534075,6.666666666666667,12.0,4.0,3.7712361663282534,8.2,12.0,4.0,3.898717737923586,14.0,19.0,11.0,3.559026084010437,16.6,22.0,11.0,4.8270073544588685,0.0,0.0,2.5,0.0,0.0,-0.3666666666666666,0.0,0.0,-2.666666666666667,0.0,0.0,-1.0956937799043065,1,1,0,0,0,0,0,0,0.0,0.0,0.0,0.0,0.0268508045566999,56.0,0.0,0.3846153846153846,0.3076923076923077,0.0,3.604395604395606,6.990277567019815,40,91,0.0,0.0,0,0,0,143.82,143.82
2028,USA,1,40,44,42,126,0.0,0.0,345,1,FRA,4,0,28,129,1896,0,0,United States,0.0,39.0,46.0,0.0,41.0,37.0,0.0,33.0,38.0,0.0,113.0,121.0,41.666666666666664,46.0,39.0,3.091206165165235,41.8,48.0,36.0,5.01996015920447,40.666666666666664,44.0,37.0,2.8674417556808756,37.4,44.0,26.0,6.87749954561976,37.666666666666664,42.0,33.0,3.6817870057290873,36.0,42.0,30.0,4.636809247747853,120.0,126.0,113.0,5.354126134736337,115.2,126.0,104.0,8.526429498916839,0.0,0.0,0.1778149386845038,0.0,0.0,-0.0349373764007909,0.0,0.0,0.4043062200956937,0.0,0.0,0.1811599502669494,1,1,1,3,1,1,1,1,41.666666666666664,40.666666666666664,37.666666666666664,120.0,0.3580107274226664,5333.333333333333,0.0,0.3464566929133858,0.3307086614173228,0.0,3.604395604395606,6.990277567019815,40,91,0.0,0.0,0,0,0,631.38,631.38
2028,UZB,13,8,2,3,13,0.0,0.0,345,0,FRA,4,0,999,29,1996,1,33,Uzbekistan,0.0,3.0,4.0,0.0,0.0,2.0,0.0,2.0,7.0,0.0,5.0,13.0,5.0,8.0,3.0,2.160246899469287,3.0,8.0,0.0,3.3166247903554,1.3333333333333333,2.0,0.0,0.9428090415820634,1.0,2.0,0.0,1.0,4.0,7.0,2.0,2.160246899469287,3.6,7.0,2.0,1.949358868961793,10.333333333333334,13.0,5.0,3.7712361663282534,7.6,13.0,3.0,4.979959839195493,0.0,0.0,1.9166666666666663,0.0,0.0,0.0,0.0,0.0,1.2142857142857144,0.0,0.0,2.2153846153846155,1,1,1,1,1,1,1,1,0.0,0.0,0.0,0.0,0.0716021454845332,140.0,0.0,0.1428571428571428,0.2142857142857142,0.0,3.604395604395606,6.990277567019815,40,91,0.0,0.0,0,0,0,89.76,89.76
2028,ZAM,84,0,0,1,1,0.0,0.0,345,0,FRA,4,0,999,41,1984,0,0,Zambia,0.0,0.0,0.0,0.0,0.0,0.0,0.0,0.0,0.0,0.0,0.0,0.0,0.0,0.0,0.0,0.0,0.0,0.0,0.0,0.0,0.0,0.0,0.0,0.5773502691896258,0.3333333333333333,1.0,0.0,0.5773502691896258,1.0,1.0,1.0,0.5773502691896258,0.6666666666666666,1.0,0.0,0.5773502691896258,1.0,1.0,1.0,0.0,1.0,1.0,1.0,0.0,0.0,0.0,0.0,0.0,0.0,0.0,0.0,0.0,0.0,0.0,0.0,0.0,0,0,0,0,1,1,0,0,0.0,0.0,0.0,0.0,0.0,0.0,0.0,0.0,0.5,0.0,3.604395604395606,6.990277567019815,40,91,0.0,0.0,0,0,1,31.62,31.62
